Beat_No,Beat_Name,Category,Road_Length_KM,Segments_Count,Sweepers_Deployed,Daily_Target_Meters_Per_Sweeper,Boundary_Type
"Beat 01","Beat 01 - Core North (Bada Bazaar & Jhajjar Gate)","Inner Commercial Core",10.09,90,12,840,"Continuous Non-Overlapping Free-Form"
"Beat 02","Beat 02 - Core East (Ghanta Ghar & Dharuhera Gate)","Inner Commercial Core",10.28,141,12,856,"Continuous Non-Overlapping Free-Form"
"Beat 03","Beat 03 - Core South (Nai Sarak & Gokal Gate)","Inner Commercial Core",10.14,99,12,844,"Continuous Non-Overlapping Free-Form"
"Beat 04","Beat 04 - Core West (Qutabpur & Balwal Gate)","Inner Commercial Core",9.76,96,12,813,"Continuous Non-Overlapping Free-Form"
"Beat 05","Beat 05 - Core Central (Sarafa Bazaar & Main Mandi)","Inner Commercial Core",10.06,109,12,838,"Continuous Non-Overlapping Free-Form"
"Beat 06","Beat 06 - Model Town South & Sector 3 Extension","Outer Municipal Sector",8.94,91,10,894,"Continuous Non-Overlapping Free-Form"
"Beat 07","Beat 07 - Model Town Core Block A/B & Bawal Rd North","Outer Municipal Sector",10.77,92,11,978,"Continuous Non-Overlapping Free-Form"
"Beat 08","Beat 08 - Brass Market & Shopping Complex","Outer Municipal Sector",9.39,75,10,939,"Continuous Non-Overlapping Free-Form"
"Beat 09","Beat 09 - Bawal Road Industrial Corridor","Outer Municipal Sector",9.34,73,10,933,"Continuous Non-Overlapping Free-Form"
"Beat 10","Beat 10 - Konsiwas Road & Southern Border","Outer Municipal Sector",12.68,86,11,1152,"Continuous Non-Overlapping Free-Form"
"Beat 11","Beat 11 - Southern Ward 23 & 26 Colonies","Outer Municipal Sector",14.03,109,11,1275,"Continuous Non-Overlapping Free-Form"
"Beat 12","Beat 12 - Anaj Mandi Complex & Grain Market","Outer Municipal Sector",10.51,99,11,955,"Continuous Non-Overlapping Free-Form"
"Beat 13","Beat 13 - Old Tehsil & District Court Area","Outer Municipal Sector",10.98,60,11,997,"Continuous Non-Overlapping Free-Form"
"Beat 14","Beat 14 - Railway Station West & Goods Yard","Outer Municipal Sector",13.74,93,11,1249,"Continuous Non-Overlapping Free-Form"
"Beat 15","Beat 15 - Garhi Bolni Road & Ward 21 South","Outer Municipal Sector",12.55,94,11,1140,"Continuous Non-Overlapping Free-Form"
"Beat 16","Beat 16 - Mahendragarh Road & Rampura Gate","Outer Municipal Sector",10.86,89,11,987,"Continuous Non-Overlapping Free-Form"
"Beat 17","Beat 17 - Rampura Link & Western Bypass","Outer Municipal Sector",10.51,87,11,955,"Continuous Non-Overlapping Free-Form"
"Beat 18","Beat 18 - Jhajjar Road West & Ward 7/10","Outer Municipal Sector",10.55,50,11,959,"Continuous Non-Overlapping Free-Form"
"Beat 19","Beat 19 - Circular Road West Outer & Ward 8/9","Outer Municipal Sector",5.57,38,10,557,"Continuous Non-Overlapping Free-Form"
"Beat 20","Beat 20 - Railway Colony & Rewari Jn North","Outer Municipal Sector",6.19,40,10,618,"Continuous Non-Overlapping Free-Form"
"Beat 21","Beat 21 - Kaluwas Village & Northern Outskirts","Outer Municipal Sector",10.58,101,11,962,"Continuous Non-Overlapping Free-Form"
"Beat 22","Beat 22 - Rewari Bypass North & Anand Nagar","Outer Municipal Sector",8.33,38,10,833,"Continuous Non-Overlapping Free-Form"
"Beat 23","Beat 23 - Jhajjar Road North & Ward 31","Outer Municipal Sector",6.80,53,10,679,"Continuous Non-Overlapping Free-Form"
"Beat 24","Beat 24 - Subhash Basti & New Anaj Mandi North","Outer Municipal Sector",8.86,74,10,885,"Continuous Non-Overlapping Free-Form"
"Beat 25","Beat 25 - Delhi Road North (Ward 15/16)","Outer Municipal Sector",7.96,66,10,796,"Continuous Non-Overlapping Free-Form"
"Beat 26","Beat 26 - Housing Board Colony & Sector 1","Outer Municipal Sector",12.99,98,11,1180,"Continuous Non-Overlapping Free-Form"
"Beat 27","Beat 27 - Dharuhera Road North Outer","Outer Municipal Sector",11.83,94,11,1075,"Continuous Non-Overlapping Free-Form"
"Beat 28","Beat 28 - Phidedi Approach & Eastern Outskirts","Outer Municipal Sector",14.97,108,11,1360,"Continuous Non-Overlapping Free-Form"
"Beat 29","Beat 29 - NH-919 Highway Corridor & Sector 4 Outer","Outer Municipal Sector",11.49,112,11,1044,"Continuous Non-Overlapping Free-Form"
"Beat 30","Beat 30 - Dharuhera Road South (Ward 12/14)","Outer Municipal Sector",9.36,87,10,936,"Continuous Non-Overlapping Free-Form"
